propietario;"mascota "
Kerry Forbes;Mcintyre
Oscar Patel;Adams
Tate Paul;Beck
Giacomo Franklin;Watson
Rosalyn Hill;Pace
Dean Mills;Dorsey
Ira Atkinson;Arnold
Yetta Vincent;Deleon
Leroy Simon;Snow
Colleen Knight;Velazquez
Venus Copeland;Walker
Palmer Burch;Owen
Derek Luna;Dillon
Rinah Lyons;Garrison
Nelle Austin;Francis
Constance Pugh;Haney
Paula Montgomery;Richardson
Yolanda Schultz;Snider
Clementine Robertson;Walters
Abraham Rasmussen;Carpenter
Illiana Miranda;Golden
Claudia Bird;Giles
Ina Burns;Fernandez
Aphrodite Lowery;Morrison
Joelle Stephens;Tate
Shafira Boyle;Wilkinson
Alec Carey;Rosales
Miranda Bray;Vargas
Baker Mooney;Stokes
Anne Hendricks;Casey
Robert Dodson;Parks
Leo Young;Dennis
Knox Rowland;Levine
Maggy Barton;Finch
Christine Holder;Stanton
Thane Guerra;Brady
Farrah Glover;Chang
Channing Barron;Grimes
Barclay Sharp;Mckinney
Basil French;Stewart
Armando Haley;Glenn
Bert Lowe;Garza
Wynter Montgomery;Reed
Kane Yates;Espinoza
Whilemina Solomon;Gray
Dolan Sampson;Lucas
Marshall Cash;Bond
Diana Clements;Crawford
Odette Whitley;Koch
Heidi Booker;Tillman
Alexander Valentine;Bender
Aileen Cameron;Wilkins
Aidan Watts;Woodard
Colin Silva;Jenkins
Luke Harrison;Barron
Seth Patterson;English
Cheyenne Bright;Ewing
Fallon Hayes;Davenport
Tobias Meadows;Dillard
Kimberley Alvarez;Holman
Lana Jensen;Delaney
Forrest Wolfe;Davidson
Dominique Palmer;Welch
Cailin Church;O'brien
Lillian Klein;Cotton
Heather Foreman;Cleveland
Brett Thomas;Pacheco
Brendan Atkins;Howell
Lars Holmes;Suarez
Leroy Jimenez;Castillo
Boris Craft;Rivas
Bertha Mcconnell;Aguirre
Cara Flynn;Suarez
Orson Owen;Rosario
Cadman Young;Palmer
Richard Collier;Brewer
Flynn Garrett;Little
Laith Burris;Charles
Fritz Walker;Norris
Wing Hensley;Jennings
Signe Fuller;Hudson
Dawn Freeman;Huff
Rashad Bridges;Bishop
Lacey Mcintyre;Benjamin
Rashad Hoover;Snyder
Rafael Hawkins;Mullins
Kaseem Mcneil;Munoz
Lionel Greene;Clements
Shellie Hayden;Irwin
Sydney Mercer;Ruiz
Stuart Shaw;Edwards
Pearl Robinson;Bailey
Nora Bradley;Foreman
Jasmine Ford;Middleton
Reed Benton;Joseph
Robin Love;Wagner
India Mack;Floyd
Nolan Melendez;Waller
Zephania Cooke;Roberts
Whoopi Holcomb;Levy
